{
    "initial_params": {
        "_type": "matrix",
        "_size": [
            50
        ],
        "_complex": false,
        "_data": [
            0.5715174899302138,
            0.34627161585429306,
            0.3506000214952103,
            0.2702481982251072,
            0.3534210228222973,
            0.2743094180460891,
            0.35505500810937585,
            0.28272568826260774,
            0.3425304286891132,
            0.30335221627774633,
            0.3257452618950281,
            0.31570693950014417,
            0.33109657730330966,
            0.1467122652321593,
            0.42538145565546115,
            0.35688712647113824,
            0.34211157220989363,
            0.37471129319386715,
            0.5047031193788393,
            0.401759123452421,
            0.3205913474208233,
            0.314700146332885,
            0.2912331081844613,
            0.3995782484559782,
            0.4633076580014298,
            0.4710278130671325,
            0.292058410059571,
            0.43636743570474057,
            0.43374621146088316,
            0.3780843444375202,
            0.2722448312185024,
            0.3850473555523348,
            0.29951697066154864,
            0.20907194127070788,
            0.40585672768829173,
            0.21996155716932828,
            0.2568496465113931,
            0.5076775162846565,
            0.43139075988280573,
            0.4746356055115849,
            0.43331074811843356,
            0.36537261158087075,
            0.5052717574151459,
            0.3443117857344343,
            0.2777803554858321,
            0.28451019791446946,
            0.26490639821129547,
            0.428147697721675,
            0.33459519855286735,
            0.19302448762428023
        ]
    }
}